{
  "loss": 0.07472325246972175,
  "accuracy": 0.971728796597448,
  "f1": 0.9717277556107534
}