{
  "loss": 0.08480622961302609,
  "accuracy": 0.9692269201901426,
  "f1": 0.9692257870807316
}